{
  "yesno_accuracy": 0.18181818181818182,
  "yesno_total": 11,
  "factoid_accuracy": 0.16666666666666666,
  "factoid_total": 12,
  "list_f1": 0.20463980463980463,
  "list_total": 13,
  "summary_rouge2": 0.3019965320687205,
  "summary_total": 14
}